{
    "results": {
        "tool": {
            "name": "pytest",
            "version": "8.4.1"
        },
        "summary": {
            "tests": 2,
            "passed": 2,
            "failed": 0,
            "skipped": 0,
            "pending": 0,
            "other": 0,
            "start": 1778884137.769003,
            "stop": 1778884137.773764
        },
        "tests": [
            {
                "name": "test_final_state.py::test_script_exists",
                "status": "passed",
                "duration": 0.00039904192090034485,
                "start": 1778884137.7724245,
                "stop": 1778884137.7730012,
                "retries": 0,
                "file_path": "test_final_state.py"
            },
            {
                "name": "test_final_state.py::test_output_file_content",
                "status": "passed",
                "duration": 0.00036729301791638136,
                "start": 1778884137.7730846,
                "stop": 1778884137.7735934,
                "retries": 0,
                "file_path": "test_final_state.py"
            }
        ]
    }
}