{
    "results": {
        "tool": {
            "name": "pytest",
            "version": "8.4.1"
        },
        "summary": {
            "tests": 2,
            "passed": 2,
            "failed": 0,
            "skipped": 0,
            "pending": 0,
            "other": 0,
            "start": 1778882721.5422475,
            "stop": 1778882721.5468266
        },
        "tests": [
            {
                "name": "test_final_state.py::test_script_exists",
                "status": "passed",
                "duration": 0.00034508295357227325,
                "start": 1778882721.5456169,
                "stop": 1778882721.5461168,
                "retries": 0,
                "file_path": "test_final_state.py"
            },
            {
                "name": "test_final_state.py::test_output_file_content",
                "status": "passed",
                "duration": 0.0003402100410312414,
                "start": 1778882721.546187,
                "stop": 1778882721.5466661,
                "retries": 0,
                "file_path": "test_final_state.py"
            }
        ]
    }
}