{
    "results": {
        "tool": {
            "name": "pytest",
            "version": "8.4.1"
        },
        "summary": {
            "tests": 2,
            "passed": 2,
            "failed": 0,
            "skipped": 0,
            "pending": 0,
            "other": 0,
            "start": 1778883242.0373356,
            "stop": 1778883242.0418565
        },
        "tests": [
            {
                "name": "test_final_state.py::test_script_exists",
                "status": "passed",
                "duration": 0.00029866606928408146,
                "start": 1778883242.0408022,
                "stop": 1778883242.041248,
                "retries": 0,
                "file_path": "test_final_state.py"
            },
            {
                "name": "test_final_state.py::test_output_file_content",
                "status": "passed",
                "duration": 0.00028841616585850716,
                "start": 1778883242.0413206,
                "stop": 1778883242.0417001,
                "retries": 0,
                "file_path": "test_final_state.py"
            }
        ]
    }
}